model,mae,rmse,mape
baseline_naive,12.006849315068493,14.892192493393106,3767199.6306699226
prophet,3.223884327154509,4.223589940281705,2189691.8260119464
