cluster,model,mae,rmse,mape
0,baseline,17.108462455303933,19.1994735724415,1268653247.175038
0,prophet,8.47733583745507,10.311207476285254,363014326.74856704
1,baseline,19.84232121922626,21.048581666050644,1516530020.8664796
1,prophet,3.8422092359925872,5.922118656872462,171311602.881585
2,baseline,19.55727002967359,21.094108758901008,1763323456.9114382
2,prophet,5.478874206860544,8.305117007892223,248455298.76683164
