k,inertia,silhouette
2,1294481.701269996,0.32999759238081505
3,1121041.5039301044,0.25363360884122765
4,1008920.8334122854,0.18607994473467984
5,885048.4928013799,0.19178619856875523
6,820561.2717987113,0.1817312132344169
7,786676.4775881721,0.1657754847197349
8,784367.2912581097,0.13901305954316961
